Workbook
Name Stage_Names: القوائم!$B$4:$B$10
Name Stage_Prob: القوائم!$C$4:$C$10
Name Stage_Type: القوائم!$D$4:$D$10
Name Source_List: القوائم!$A$14:$A$21
Name Rep_List: القوائم!$A$25:$A$29

Sheet التعليمات
A1: ملف إدارة علاقات العملاء (CRM) — قمع المبيعات والتقارير
A4: كيفية استخدام الملف
A5: 1 | B5: ورقة "الليدز" هي قاعدة بيانات العملاء المحتملين (Leads). أدخل بياناتك في الأعمدة الزرقاء فقط (الاسم، الشركة، البيانات، المصدر، المندوب، المرحلة، قيمة الصفقة، التواريخ).
A6: 2 | B6: الأعمدة السوداء (الاحتمالية %، القيمة المرجحة، الحالة، عمر الفرصة) تُحسب تلقائيًا بمعادلات — لا تكتب فيها يدويًا.
A7: 3 | B7: عمود "المرحلة" و"المصدر" و"المندوب" عبارة عن قوائم منسدلة (اضغط على الخلية وستظهر السهم).
A8: 4 | B8: ورقة "القوائم" تحتوي على إعدادات المراحل (نسبة الإغلاق الافتراضية لكل مرحلة) ومصادر الليدز والمندوبين. يمكنك تعديلها لتناسب فريقك، وكل المعادلات ستتحدث تلقائيًا.
A9: 5 | B9: ورقة "لوحة التحليل والتقارير" تعرض القمع البصري (Funnel) ومؤشرات الأداء (KPIs) والتقارير حسب المصدر والمندوب والشهر — كل الأرقام تُحدَّث تلقائيًا من ورقة الليدز.
A10: 6 | B10: تم تجهيز 300 صف بالمعادلات في ورقة الليدز، فقط أضف بياناتك في أي صف فارغ واستمر للأسفل.
A12: دليل الألوان
B13: نص أزرق = خلية إدخال يدوي (عدّلها بحرية).
B14: نص أسود = خلية معادلة (لا تُعدّل، تُحسب تلقائيًا).
B15: نص أخضر = رابط لورقة أخرى داخل نفس الملف.
A17: ملاحظة
B18: البيانات الموجودة حاليًا في ورقة "الليدز" (٣٠ صفًا) هي بيانات تجريبية توضيحية فقط لإظهار عمل المعادلات والتقارير — احذفها واستبدلها ببيانات فريقك الفعلية.

Sheet لوحة التحليل والتقارير
A1: لوحة التحليل والتقارير — قمع المبيعات لليدز
A2: =CONCATENATE("جميع الأرقام تُحدَّث تلقائيًا من ورقة الليدز — بيانات حتى تاريخ ",TEXT(TODAY(),"yyyy-mm-dd"))
A4: إجمالي عدد الليدز | C4: قيمة الفرص المفتوحة | E4: القيمة المرجحة المتوقعة
A5: =COUNTIF('الليدز'!$B$3:$B$302,"<>") | C5: =SUMIFS('الليدز'!$I$3:$I$302,'الليدز'!$N$3:$N$302,"مفتوح") | E5: =SUMIFS('الليدز'!$K$3:$K$302,'الليدز'!$N$3:$N$302,"مفتوح")
A8: معدل الفوز % | C8: متوسط حجم الصفقة الفائزة | E8: متوسط دورة البيع (يوم)
A9: =IF((COUNTIFS('الليدز'!$N$3:$N$302,"مغلق-فوز")+COUNTIFS('الليدز'!$N$3:$N$302,"مغلق-خسارة"))=0,"",(COUNTIFS('الليدز'!$N$3:$N$302,"مغلق-فوز"))/(COUNTIFS('الليدز'!$N$3:$N$302,"مغلق-فوز")+COUNTIFS('الليدز'!$N$3:$N$302,"مغلق-خسارة"))) | C9: =IFERROR(AVERAGEIFS('الليدز'!$I$3:$I$302,'الليدز'!$N$3:$N$302,"مغلق-فوز"),"") | E9: =IFERROR(AVERAGEIFS('الليدز'!$O$3:$O$302,'الليدز'!$N$3:$N$302,"مغلق-فوز"),"")
A12: قمع المبيعات حسب المرحلة (Sales Funnel by Stage)
A13: المرحلة | B13: عدد الليدز | C13: القيمة الإجمالية (ج.م) | D13: القيمة المرجحة (ج.م) | E13: % من الإجمالي | G13: Blank | H13: Value
A14: =القوائم!B4 | B14: =COUNTIFS('الليدز'!$H$3:$H$302,A14) | C14: =SUMIFS('الليدز'!$I$3:$I$302,'الليدز'!$H$3:$H$302,A14) | D14: =SUMIFS('الليدز'!$K$3:$K$302,'الليدز'!$H$3:$H$302,A14) | E14: =IF($A$5=0,"",B14/$A$5) | G14: =(MAX($B$14:$B$19)-B14)/2 | H14: =B14
A15: =القوائم!B5 | B15: =COUNTIFS('الليدز'!$H$3:$H$302,A15) | C15: =SUMIFS('الليدز'!$I$3:$I$302,'الليدز'!$H$3:$H$302,A15) | D15: =SUMIFS('الليدز'!$K$3:$K$302,'الليدز'!$H$3:$H$302,A15) | E15: =IF($A$5=0,"",B15/$A$5) | G15: =(MAX($B$14:$B$19)-B15)/2 | H15: =B15
A16: =القوائم!B6 | B16: =COUNTIFS('الليدز'!$H$3:$H$302,A16) | C16: =SUMIFS('الليدز'!$I$3:$I$302,'الليدز'!$H$3:$H$302,A16) | D16: =SUMIFS('الليدز'!$K$3:$K$302,'الليدز'!$H$3:$H$302,A16) | E16: =IF($A$5=0,"",B16/$A$5) | G16: =(MAX($B$14:$B$19)-B16)/2 | H16: =B16
A17: =القوائم!B7 | B17: =COUNTIFS('الليدز'!$H$3:$H$302,A17) | C17: =SUMIFS('الليدز'!$I$3:$I$302,'الليدز'!$H$3:$H$302,A17) | D17: =SUMIFS('الليدز'!$K$3:$K$302,'الليدز'!$H$3:$H$302,A17) | E17: =IF($A$5=0,"",B17/$A$5) | G17: =(MAX($B$14:$B$19)-B17)/2 | H17: =B17
A18: =القوائم!B8 | B18: =COUNTIFS('الليدز'!$H$3:$H$302,A18) | C18: =SUMIFS('الليدز'!$I$3:$I$302,'الليدز'!$H$3:$H$302,A18) | D18: =SUMIFS('الليدز'!$K$3:$K$302,'الليدز'!$H$3:$H$302,A18) | E18: =IF($A$5=0,"",B18/$A$5) | G18: =(MAX($B$14:$B$19)-B18)/2 | H18: =B18
A19: =القوائم!B9 | B19: =COUNTIFS('الليدز'!$H$3:$H$302,A19) | C19: =SUMIFS('الليدز'!$I$3:$I$302,'الليدز'!$H$3:$H$302,A19) | D19: =SUMIFS('الليدز'!$K$3:$K$302,'الليدز'!$H$3:$H$302,A19) | E19: =IF($A$5=0,"",B19/$A$5) | G19: =(MAX($B$14:$B$19)-B19)/2 | H19: =B19
A20: =القوائم!B10 | B20: =COUNTIFS('الليدز'!$H$3:$H$302,A20) | C20: =SUMIFS('الليدز'!$I$3:$I$302,'الليدز'!$H$3:$H$302,A20) | D20: =SUMIFS('الليدز'!$K$3:$K$302,'الليدز'!$H$3:$H$302,A20) | E20: =IF($A$5=0,"",B20/$A$5)
A22: التحليل حسب مصدر الليدز (Analysis by Lead Source)
A23: المصدر | B23: عدد الليدز | C23: القيمة الإجمالية (ج.م) | D23: صفقات فوز | E23: معدل الفوز %
A24: =القوائم!A14 | B24: =COUNTIFS('الليدز'!$F$3:$F$302,A24) | C24: =SUMIFS('الليدز'!$I$3:$I$302,'الليدز'!$F$3:$F$302,A24) | D24: =COUNTIFS('الليدز'!$F$3:$F$302,A24,'الليدز'!$N$3:$N$302,"مغلق-فوز") | E24: =IF(B24=0,"",D24/COUNTIFS('الليدز'!$F$3:$F$302,A24,'الليدز'!$N$3:$N$302,"<>مفتوح"))
A25: =القوائم!A15 | B25: =COUNTIFS('الليدز'!$F$3:$F$302,A25) | C25: =SUMIFS('الليدز'!$I$3:$I$302,'الليدز'!$F$3:$F$302,A25) | D25: =COUNTIFS('الليدز'!$F$3:$F$302,A25,'الليدز'!$N$3:$N$302,"مغلق-فوز") | E25: =IF(B25=0,"",D25/COUNTIFS('الليدز'!$F$3:$F$302,A25,'الليدز'!$N$3:$N$302,"<>مفتوح"))
A26: =القوائم!A16 | B26: =COUNTIFS('الليدز'!$F$3:$F$302,A26) | C26: =SUMIFS('الليدز'!$I$3:$I$302,'الليدز'!$F$3:$F$302,A26) | D26: =COUNTIFS('الليدز'!$F$3:$F$302,A26,'الليدز'!$N$3:$N$302,"مغلق-فوز") | E26: =IF(B26=0,"",D26/COUNTIFS('الليدز'!$F$3:$F$302,A26,'الليدز'!$N$3:$N$302,"<>مفتوح"))
A27: =القوائم!A17 | B27: =COUNTIFS('الليدز'!$F$3:$F$302,A27) | C27: =SUMIFS('الليدز'!$I$3:$I$302,'الليدز'!$F$3:$F$302,A27) | D27: =COUNTIFS('الليدز'!$F$3:$F$302,A27,'الليدز'!$N$3:$N$302,"مغلق-فوز") | E27: =IF(B27=0,"",D27/COUNTIFS('الليدز'!$F$3:$F$302,A27,'الليدز'!$N$3:$N$302,"<>مفتوح"))
A28: =القوائم!A18 | B28: =COUNTIFS('الليدز'!$F$3:$F$302,A28) | C28: =SUMIFS('الليدز'!$I$3:$I$302,'الليدز'!$F$3:$F$302,A28) | D28: =COUNTIFS('الليدز'!$F$3:$F$302,A28,'الليدز'!$N$3:$N$302,"مغلق-فوز") | E28: =IF(B28=0,"",D28/COUNTIFS('الليدز'!$F$3:$F$302,A28,'الليدز'!$N$3:$N$302,"<>مفتوح"))
A29: =القوائم!A19 | B29: =COUNTIFS('الليدز'!$F$3:$F$302,A29) | C29: =SUMIFS('الليدز'!$I$3:$I$302,'الليدز'!$F$3:$F$302,A29) | D29: =COUNTIFS('الليدز'!$F$3:$F$302,A29,'الليدز'!$N$3:$N$302,"مغلق-فوز") | E29: =IF(B29=0,"",D29/COUNTIFS('الليدز'!$F$3:$F$302,A29,'الليدز'!$N$3:$N$302,"<>مفتوح"))
A30: =القوائم!A20 | B30: =COUNTIFS('الليدز'!$F$3:$F$302,A30) | C30: =SUMIFS('الليدز'!$I$3:$I$302,'الليدز'!$F$3:$F$302,A30) | D30: =COUNTIFS('الليدز'!$F$3:$F$302,A30,'الليدز'!$N$3:$N$302,"مغلق-فوز") | E30: =IF(B30=0,"",D30/COUNTIFS('الليدز'!$F$3:$F$302,A30,'الليدز'!$N$3:$N$302,"<>مفتوح"))
A31: =القوائم!A21 | B31: =COUNTIFS('الليدز'!$F$3:$F$302,A31) | C31: =SUMIFS('الليدز'!$I$3:$I$302,'الليدز'!$F$3:$F$302,A31) | D31: =COUNTIFS('الليدز'!$F$3:$F$302,A31,'الليدز'!$N$3:$N$302,"مغلق-فوز") | E31: =IF(B31=0,"",D31/COUNTIFS('الليدز'!$F$3:$F$302,A31,'الليدز'!$N$3:$N$302,"<>مفتوح"))
A33: أداء فريق المبيعات (Sales Rep Performance)
A34: المندوب | B34: عدد الليدز | C34: قيمة مفتوحة (ج.م) | D34: قيمة فوز مغلقة (ج.م) | E34: معدل الفوز %
A35: =القوائم!A25 | B35: =COUNTIFS('الليدز'!$G$3:$G$302,A35) | C35: =SUMIFS('الليدز'!$I$3:$I$302,'الليدز'!$G$3:$G$302,A35,'الليدز'!$N$3:$N$302,"مفتوح") | D35: =SUMIFS('الليدز'!$I$3:$I$302,'الليدز'!$G$3:$G$302,A35,'الليدز'!$N$3:$N$302,"مغلق-فوز") | E35: =IF((COUNTIFS('الليدز'!$G$3:$G$302,A35,'الليدز'!$N$3:$N$302,"مغلق-فوز")+COUNTIFS('الليدز'!$G$3:$G$302,A35,'الليدز'!$N$3:$N$302,"مغلق-خسارة"))=0,"",(COUNTIFS('الليدز'!$G$3:$G$302,A35,'الليدز'!$N$3:$N$302,"مغلق-فوز"))/(COUNTIFS('الليدز'!$G$3:$G$302,A35,'الليدز'!$N$3:$N$302,"مغلق-فوز")+COUNTIFS('الليدز'!$G$3:$G$302,A35,'الليدز'!$N$3:$N$302,"مغلق-خسارة")))
A36: =القوائم!A26 | B36: =COUNTIFS('الليدز'!$G$3:$G$302,A36) | C36: =SUMIFS('الليدز'!$I$3:$I$302,'الليدز'!$G$3:$G$302,A36,'الليدز'!$N$3:$N$302,"مفتوح") | D36: =SUMIFS('الليدز'!$I$3:$I$302,'الليدز'!$G$3:$G$302,A36,'الليدز'!$N$3:$N$302,"مغلق-فوز") | E36: =IF((COUNTIFS('الليدز'!$G$3:$G$302,A36,'الليدز'!$N$3:$N$302,"مغلق-فوز")+COUNTIFS('الليدز'!$G$3:$G$302,A36,'الليدز'!$N$3:$N$302,"مغلق-خسارة"))=0,"",(COUNTIFS('الليدز'!$G$3:$G$302,A36,'الليدز'!$N$3:$N$302,"مغلق-فوز"))/(COUNTIFS('الليدز'!$G$3:$G$302,A36,'الليدز'!$N$3:$N$302,"مغلق-فوز")+COUNTIFS('الليدز'!$G$3:$G$302,A36,'الليدز'!$N$3:$N$302,"مغلق-خسارة")))
A37: =القوائم!A27 | B37: =COUNTIFS('الليدز'!$G$3:$G$302,A37) | C37: =SUMIFS('الليدز'!$I$3:$I$302,'الليدز'!$G$3:$G$302,A37,'الليدز'!$N$3:$N$302,"مفتوح") | D37: =SUMIFS('الليدز'!$I$3:$I$302,'الليدز'!$G$3:$G$302,A37,'الليدز'!$N$3:$N$302,"مغلق-فوز") | E37: =IF((COUNTIFS('الليدز'!$G$3:$G$302,A37,'الليدز'!$N$3:$N$302,"مغلق-فوز")+COUNTIFS('الليدز'!$G$3:$G$302,A37,'الليدز'!$N$3:$N$302,"مغلق-خسارة"))=0,"",(COUNTIFS('الليدز'!$G$3:$G$302,A37,'الليدز'!$N$3:$N$302,"مغلق-فوز"))/(COUNTIFS('الليدز'!$G$3:$G$302,A37,'الليدز'!$N$3:$N$302,"مغلق-فوز")+COUNTIFS('الليدز'!$G$3:$G$302,A37,'الليدز'!$N$3:$N$302,"مغلق-خسارة")))
A38: =القوائم!A28 | B38: =COUNTIFS('الليدز'!$G$3:$G$302,A38) | C38: =SUMIFS('الليدز'!$I$3:$I$302,'الليدز'!$G$3:$G$302,A38,'الليدز'!$N$3:$N$302,"مفتوح") | D38: =SUMIFS('الليدز'!$I$3:$I$302,'الليدز'!$G$3:$G$302,A38,'الليدز'!$N$3:$N$302,"مغلق-فوز") | E38: =IF((COUNTIFS('الليدز'!$G$3:$G$302,A38,'الليدز'!$N$3:$N$302,"مغلق-فوز")+COUNTIFS('الليدز'!$G$3:$G$302,A38,'الليدز'!$N$3:$N$302,"مغلق-خسارة"))=0,"",(COUNTIFS('الليدز'!$G$3:$G$302,A38,'الليدز'!$N$3:$N$302,"مغلق-فوز"))/(COUNTIFS('الليدز'!$G$3:$G$302,A38,'الليدز'!$N$3:$N$302,"مغلق-فوز")+COUNTIFS('الليدز'!$G$3:$G$302,A38,'الليدز'!$N$3:$N$302,"مغلق-خسارة")))
A39: =القوائم!A29 | B39: =COUNTIFS('الليدز'!$G$3:$G$302,A39) | C39: =SUMIFS('الليدز'!$I$3:$I$302,'الليدز'!$G$3:$G$302,A39,'الليدز'!$N$3:$N$302,"مفتوح") | D39: =SUMIFS('الليدز'!$I$3:$I$302,'الليدز'!$G$3:$G$302,A39,'الليدز'!$N$3:$N$302,"مغلق-فوز") | E39: =IF((COUNTIFS('الليدز'!$G$3:$G$302,A39,'الليدز'!$N$3:$N$302,"مغلق-فوز")+COUNTIFS('الليدز'!$G$3:$G$302,A39,'الليدز'!$N$3:$N$302,"مغلق-خسارة"))=0,"",(COUNTIFS('الليدز'!$G$3:$G$302,A39,'الليدز'!$N$3:$N$302,"مغلق-فوز"))/(COUNTIFS('الليدز'!$G$3:$G$302,A39,'الليدز'!$N$3:$N$302,"مغلق-فوز")+COUNTIFS('الليدز'!$G$3:$G$302,A39,'الليدز'!$N$3:$N$302,"مغلق-خسارة")))
A41: الاتجاه الشهري — آخر 6 أشهر (Monthly Trend)
A42: الشهر | B42: ليدز جديدة | C42: صفقات فوز | D42: قيمة الفوز (ج.م)
A43: =TEXT(EDATE(TODAY(),-5),"yyyy-mm") | B43: =COUNTIFS('الليدز'!$P$3:$P$302,A43) | C43: =COUNTIFS('الليدز'!$P$3:$P$302,A43,'الليدز'!$N$3:$N$302,"مغلق-فوز") | D43: =SUMIFS('الليدز'!$I$3:$I$302,'الليدز'!$P$3:$P$302,A43,'الليدز'!$N$3:$N$302,"مغلق-فوز")
A44: =TEXT(EDATE(TODAY(),-4),"yyyy-mm") | B44: =COUNTIFS('الليدز'!$P$3:$P$302,A44) | C44: =COUNTIFS('الليدز'!$P$3:$P$302,A44,'الليدز'!$N$3:$N$302,"مغلق-فوز") | D44: =SUMIFS('الليدز'!$I$3:$I$302,'الليدز'!$P$3:$P$302,A44,'الليدز'!$N$3:$N$302,"مغلق-فوز")
A45: =TEXT(EDATE(TODAY(),-3),"yyyy-mm") | B45: =COUNTIFS('الليدز'!$P$3:$P$302,A45) | C45: =COUNTIFS('الليدز'!$P$3:$P$302,A45,'الليدز'!$N$3:$N$302,"مغلق-فوز") | D45: =SUMIFS('الليدز'!$I$3:$I$302,'الليدز'!$P$3:$P$302,A45,'الليدز'!$N$3:$N$302,"مغلق-فوز")
A46: =TEXT(EDATE(TODAY(),-2),"yyyy-mm") | B46: =COUNTIFS('الليدز'!$P$3:$P$302,A46) | C46: =COUNTIFS('الليدز'!$P$3:$P$302,A46,'الليدز'!$N$3:$N$302,"مغلق-فوز") | D46: =SUMIFS('الليدز'!$I$3:$I$302,'الليدز'!$P$3:$P$302,A46,'الليدز'!$N$3:$N$302,"مغلق-فوز")
A47: =TEXT(EDATE(TODAY(),-1),"yyyy-mm") | B47: =COUNTIFS('الليدز'!$P$3:$P$302,A47) | C47: =COUNTIFS('الليدز'!$P$3:$P$302,A47,'الليدز'!$N$3:$N$302,"مغلق-فوز") | D47: =SUMIFS('الليدز'!$I$3:$I$302,'الليدز'!$P$3:$P$302,A47,'الليدز'!$N$3:$N$302,"مغلق-فوز")
A48: =TEXT(EDATE(TODAY(),-0),"yyyy-mm") | B48: =COUNTIFS('الليدز'!$P$3:$P$302,A48) | C48: =COUNTIFS('الليدز'!$P$3:$P$302,A48,'الليدز'!$N$3:$N$302,"مغلق-فوز") | D48: =SUMIFS('الليدز'!$I$3:$I$302,'الليدز'!$P$3:$P$302,A48,'الليدز'!$N$3:$N$302,"مغلق-فوز")

Sheet الليدز
A1: قاعدة بيانات الليدز — Leads & Deals Database
A2: م | B2: اسم الليد / العميل | C2: الشركة | D2: البريد الإلكتروني | E2: رقم الهاتف | F2: المصدر | G2: المندوب المسؤول | H2: المرحلة | I2: قيمة الصفقة (ج.م) | J2: احتمالية الإغلاق % | K2: القيمة المرجحة (ج.م) | L2: تاريخ الإنشاء | M2: آخر تحديث | N2: الحالة | O2: عمر الفرصة (أيام) | P2: شهر الإنشاء | Q2: ملاحظات
A3: =IF(B3="","",ROW()-2) | B3: كريم راشد | C3: سنتربوينت | D3: كريم@سنتربوينت.com | E3: 01047338124 | F3: الموقع الإلكتروني (Website) | G3: سارة عادل | H3: عرض سعر (Proposal) | I3: 65000 | J3: =IFERROR(INDEX(Stage_Prob,MATCH(H3,Stage_Names,0)),"") | K3: =IF(OR(H3="",I3=""),"",I3*J3) | L3: 46185 | M3: 46257 | N3: =IFERROR(INDEX(Stage_Type,MATCH(H3,Stage_Names,0)),"") | O3: =IF(OR(H3="",L3=""),"",IF(N3="مفتوح",TODAY()-L3,M3-L3)) | P3: =IF(L3="","",TEXT(L3,"YYYY-MM"))
A4: =IF(B4="","",ROW()-2) | B4: منى عبدالله | C4: سكاي نت | D4: منى@سكاي.com | E4: 01055176955 | F4: فيسبوك (Facebook) | G4: أحمد سمير | H4: مؤهل (Qualified) | I4: 65000 | J4: =IFERROR(INDEX(Stage_Prob,MATCH(H4,Stage_Names,0)),"") | K4: =IF(OR(H4="",I4=""),"",I4*J4) | L4: 46168 | M4: 46253 | N4: =IFERROR(INDEX(Stage_Type,MATCH(H4,Stage_Names,0)),"") | O4: =IF(OR(H4="",L4=""),"",IF(N4="مفتوح",TODAY()-L4,M4-L4)) | P4: =IF(L4="","",TEXT(L4,"YYYY-MM"))
A5: =IF(B5="","",ROW()-2) | B5: هبة السيد | C5: بلو أوشن | D5: هبة@بلو.com | E5: 01071662963 | F5: فيسبوك (Facebook) | G5: نور الدين حسن | H5: جديد (New) | I5: 50000 | J5: =IFERROR(INDEX(Stage_Prob,MATCH(H5,Stage_Names,0)),"") | K5: =IF(OR(H5="",I5=""),"",I5*J5) | L5: 46096 | M5: 46250 | N5: =IFERROR(INDEX(Stage_Type,MATCH(H5,Stage_Names,0)),"") | O5: =IF(OR(H5="",L5=""),"",IF(N5="مفتوح",TODAY()-L5,M5-L5)) | P5: =IF(L5="","",TEXT(L5,"YYYY-MM"))
A6: =IF(B6="","",ROW()-2) | B6: طارق راشد | C6: كريستال جلاس | D6: طارق@كريستال.com | E6: 01035808537 | F6: فيسبوك (Facebook) | G6: أحمد سمير | H6: عرض سعر (Proposal) | I6: 50000 | J6: =IFERROR(INDEX(Stage_Prob,MATCH(H6,Stage_Names,0)),"") | K6: =IF(OR(H6="",I6=""),"",I6*J6) | L6: 46236 | M6: 46254 | N6: =IFERROR(INDEX(Stage_Type,MATCH(H6,Stage_Names,0)),"") | O6: =IF(OR(H6="",L6=""),"",IF(N6="مفتوح",TODAY()-L6,M6-L6)) | P6: =IF(L6="","",TEXT(L6,"YYYY-MM"))
A7: =IF(B7="","",ROW()-2) | B7: ريم السيد | C7: فيوتشر تك | D7: ريم@فيوتشر.com | E7: 01061019678 | F7: اتصال بارد (Cold Call) | G7: نور الدين حسن | H7: عرض سعر (Proposal) | I7: 65000 | J7: =IFERROR(INDEX(Stage_Prob,MATCH(H7,Stage_Names,0)),"") | K7: =IF(OR(H7="",I7=""),"",I7*J7) | L7: 46215 | M7: 46250 | N7: =IFERROR(INDEX(Stage_Type,MATCH(H7,Stage_Names,0)),"") | O7: =IF(OR(H7="",L7=""),"",IF(N7="مفتوح",TODAY()-L7,M7-L7)) | P7: =IF(L7="","",TEXT(L7,"YYYY-MM"))
A8: =IF(B8="","",ROW()-2) | B8: عمر فؤاد | C8: جلوبال ترايد | D8: عمر@جلوبال.com | E8: 01038119557 | F8: اتصال بارد (Cold Call) | G8: أحمد سمير | H8: عرض سعر (Proposal) | I8: 22000 | J8: =IFERROR(INDEX(Stage_Prob,MATCH(H8,Stage_Names,0)),"") | K8: =IF(OR(H8="",I8=""),"",I8*J8) | L8: 46120 | M8: 46254 | N8: =IFERROR(INDEX(Stage_Type,MATCH(H8,Stage_Names,0)),"") | O8: =IF(OR(H8="",L8=""),"",IF(N8="مفتوح",TODAY()-L8,M8-L8)) | P8: =IF(L8="","",TEXT(L8,"YYYY-MM"))
A9: =IF(B9="","",ROW()-2) | B9: دينا عبدالله | C9: سما العقارية | D9: دينا@سما.com | E9: 01072043515 | F9: واتساب (WhatsApp) | G9: محمد فتحي | H9: خسارة - مغلقة (Lost) | I9: 150000 | J9: =IFERROR(INDEX(Stage_Prob,MATCH(H9,Stage_Names,0)),"") | K9: =IF(OR(H9="",I9=""),"",I9*J9) | L9: 46200 | M9: 46246 | N9: =IFERROR(INDEX(Stage_Type,MATCH(H9,Stage_Names,0)),"") | O9: =IF(OR(H9="",L9=""),"",IF(N9="مفتوح",TODAY()-L9,M9-L9)) | P9: =IF(L9="","",TEXT(L9,"YYYY-MM"))
A10: =IF(B10="","",ROW()-2) | B10: مصطفى فؤاد | C10: ذا هب | D10: مصطفى@ذا.com | E10: 01017507864 | F10: إحالة عميل (Referral) | G10: أحمد سمير | H10: فوز - مغلقة (Won) | I10: 90000 | J10: =IFERROR(INDEX(Stage_Prob,MATCH(H10,Stage_Names,0)),"") | K10: =IF(OR(H10="",I10=""),"",I10*J10) | L10: 46188 | M10: 46195 | N10: =IFERROR(INDEX(Stage_Type,MATCH(H10,Stage_Names,0)),"") | O10: =IF(OR(H10="",L10=""),"",IF(N10="مفتوح",TODAY()-L10,M10-L10)) | P10: =IF(L10="","",TEXT(L10,"YYYY-MM"))
A11: =IF(B11="","",ROW()-2) | B11: ياسمين عبدالله | C11: جرين لاين | D11: ياسمين@جرين.com | E11: 01086125617 | F11: معرض / فعالية (Event) | G11: سارة عادل | H11: عرض سعر (Proposal) | I11: 90000 | J11: =IFERROR(INDEX(Stage_Prob,MATCH(H11,Stage_Names,0)),"") | K11: =IF(OR(H11="",I11=""),"",I11*J11) | L11: 46092 | M11: 46247 | N11: =IFERROR(INDEX(Stage_Type,MATCH(H11,Stage_Names,0)),"") | O11: =IF(OR(H11="",L11=""),"",IF(N11="مفتوح",TODAY()-L11,M11-L11)) | P11: =IF(L11="","",TEXT(L11,"YYYY-MM"))
A12: =IF(B12="","",ROW()-2) | B12: شريف عبدالله | C12: برايم كابيتال | D12: شريف@برايم.com | E12: 01045551614 | F12: إنستجرام (Instagram) | G12: سارة عادل | H12: تفاوض (Negotiation) | I12: 150000 | J12: =IFERROR(INDEX(Stage_Prob,MATCH(H12,Stage_Names,0)),"") | K12: =IF(OR(H12="",I12=""),"",I12*J12) | L12: 46189 | M12: 46248 | N12: =IFERROR(INDEX(Stage_Type,MATCH(H12,Stage_Names,0)),"") | O12: =IF(OR(H12="",L12=""),"",IF(N12="مفتوح",TODAY()-L12,M12-L12)) | P12: =IF(L12="","",TEXT(L12,"YYYY-MM"))
A13: =IF(B13="","",ROW()-2) | B13: ندى راشد | C13: سيتي مول | D13: ندى@سيتي.com | E13: 01063606628 | F13: معرض / فعالية (Event) | G13: سارة عادل | H13: خسارة - مغلقة (Lost) | I13: 22000 | J13: =IFERROR(INDEX(Stage_Prob,MATCH(H13,Stage_Names,0)),"") | K13: =IF(OR(H13="",I13=""),"",I13*J13) | L13: 46126 | M13: 46160 | N13: =IFERROR(INDEX(Stage_Type,MATCH(H13,Stage_Names,0)),"") | O13: =IF(OR(H13="",L13=""),"",IF(N13="مفتوح",TODAY()-L13,M13-L13)) | P13: =IF(L13="","",TEXT(L13,"YYYY-MM"))
A14: =IF(B14="","",ROW()-2) | B14: حسام السيد | C14: الوادي الأخضر | D14: حسام@الوادي.com | E14: 01016323852 | F14: فيسبوك (Facebook) | G14: سارة عادل | H14: عرض سعر (Proposal) | I14: 90000 | J14: =IFERROR(INDEX(Stage_Prob,MATCH(H14,Stage_Names,0)),"") | K14: =IF(OR(H14="",I14=""),"",I14*J14) | L14: 46104 | M14: 46259 | N14: =IFERROR(INDEX(Stage_Type,MATCH(H14,Stage_Names,0)),"") | O14: =IF(OR(H14="",L14=""),"",IF(N14="مفتوح",TODAY()-L14,M14-L14)) | P14: =IF(L14="","",TEXT(L14,"YYYY-MM"))
... A32: =IF(B32="","",ROW()-2) | B32: عصام منصور | C32: رؤية ديجيتال | D32: عصام@رؤية.com | E32: 01045594951 | F32: أخرى (Other) | G32: محمد فتحي | H32: مؤهل (Qualified) | I32: 150000 | J32: =IFERROR(INDEX(Stage_Prob,MATCH(H32,Stage_Names,0)),"") | K32: =IF(OR(H32="",I32=""),"",I32*J32) | L32: 46132 | M32: 46257 | N32: =IFERROR(INDEX(Stage_Type,MATCH(H32,Stage_Names,0)),"") | O32: =IF(OR(H32="",L32=""),"",IF(N32="مفتوح",TODAY()-L32,M32-L32)) | P32: =IF(L32="","",TEXT(L32,"YYYY-MM"))
A33: =IF(B33="","",ROW()-2) | J33: =IFERROR(INDEX(Stage_Prob,MATCH(H33,Stage_Names,0)),"") | K33: =IF(OR(H33="",I33=""),"",I33*J33) | N33: =IFERROR(INDEX(Stage_Type,MATCH(H33,Stage_Names,0)),"") | O33: =IF(OR(H33="",L33=""),"",IF(N33="مفتوح",TODAY()-L33,M33-L33)) | P33: =IF(L33="","",TEXT(L33,"YYYY-MM"))
A34: =IF(B34="","",ROW()-2) | J34: =IFERROR(INDEX(Stage_Prob,MATCH(H34,Stage_Names,0)),"") | K34: =IF(OR(H34="",I34=""),"",I34*J34) | N34: =IFERROR(INDEX(Stage_Type,MATCH(H34,Stage_Names,0)),"") | O34: =IF(OR(H34="",L34=""),"",IF(N34="مفتوح",TODAY()-L34,M34-L34)) | P34: =IF(L34="","",TEXT(L34,"YYYY-MM"))
A35: =IF(B35="","",ROW()-2) | J35: =IFERROR(INDEX(Stage_Prob,MATCH(H35,Stage_Names,0)),"") | K35: =IF(OR(H35="",I35=""),"",I35*J35) | N35: =IFERROR(INDEX(Stage_Type,MATCH(H35,Stage_Names,0)),"") | O35: =IF(OR(H35="",L35=""),"",IF(N35="مفتوح",TODAY()-L35,M35-L35)) | P35: =IF(L35="","",TEXT(L35,"YYYY-MM"))
A36: =IF(B36="","",ROW()-2) | J36: =IFERROR(INDEX(Stage_Prob,MATCH(H36,Stage_Names,0)),"") | K36: =IF(OR(H36="",I36=""),"",I36*J36) | N36: =IFERROR(INDEX(Stage_Type,MATCH(H36,Stage_Names,0)),"") | O36: =IF(OR(H36="",L36=""),"",IF(N36="مفتوح",TODAY()-L36,M36-L36)) | P36: =IF(L36="","",TEXT(L36,"YYYY-MM"))
A37: =IF(B37="","",ROW()-2) | J37: =IFERROR(INDEX(Stage_Prob,MATCH(H37,Stage_Names,0)),"") | K37: =IF(OR(H37="",I37=""),"",I37*J37) | N37: =IFERROR(INDEX(Stage_Type,MATCH(H37,Stage_Names,0)),"") | O37: =IF(OR(H37="",L37=""),"",IF(N37="مفتوح",TODAY()-L37,M37-L37)) | P37: =IF(L37="","",TEXT(L37,"YYYY-MM"))
A38: =IF(B38="","",ROW()-2) | J38: =IFERROR(INDEX(Stage_Prob,MATCH(H38,Stage_Names,0)),"") | K38: =IF(OR(H38="",I38=""),"",I38*J38) | N38: =IFERROR(INDEX(Stage_Type,MATCH(H38,Stage_Names,0)),"") | O38: =IF(OR(H38="",L38=""),"",IF(N38="مفتوح",TODAY()-L38,M38-L38)) | P38: =IF(L38="","",TEXT(L38,"YYYY-MM"))
A39: =IF(B39="","",ROW()-2) | J39: =IFERROR(INDEX(Stage_Prob,MATCH(H39,Stage_Names,0)),"") | K39: =IF(OR(H39="",I39=""),"",I39*J39) | N39: =IFERROR(INDEX(Stage_Type,MATCH(H39,Stage_Names,0)),"") | O39: =IF(OR(H39="",L39=""),"",IF(N39="مفتوح",TODAY()-L39,M39-L39)) | P39: =IF(L39="","",TEXT(L39,"YYYY-MM"))
A40: =IF(B40="","",ROW()-2) | J40: =IFERROR(INDEX(Stage_Prob,MATCH(H40,Stage_Names,0)),"") | K40: =IF(OR(H40="",I40=""),"",I40*J40) | N40: =IFERROR(INDEX(Stage_Type,MATCH(H40,Stage_Names,0)),"") | O40: =IF(OR(H40="",L40=""),"",IF(N40="مفتوح",TODAY()-L40,M40-L40)) | P40: =IF(L40="","",TEXT(L40,"YYYY-MM"))
A41: =IF(B41="","",ROW()-2) | J41: =IFERROR(INDEX(Stage_Prob,MATCH(H41,Stage_Names,0)),"") | K41: =IF(OR(H41="",I41=""),"",I41*J41) | N41: =IFERROR(INDEX(Stage_Type,MATCH(H41,Stage_Names,0)),"") | O41: =IF(OR(H41="",L41=""),"",IF(N41="مفتوح",TODAY()-L41,M41-L41)) | P41: =IF(L41="","",TEXT(L41,"YYYY-MM"))
A42: =IF(B42="","",ROW()-2) | J42: =IFERROR(INDEX(Stage_Prob,MATCH(H42,Stage_Names,0)),"") | K42: =IF(OR(H42="",I42=""),"",I42*J42) | N42: =IFERROR(INDEX(Stage_Type,MATCH(H42,Stage_Names,0)),"") | O42: =IF(OR(H42="",L42=""),"",IF(N42="مفتوح",TODAY()-L42,M42-L42)) | P42: =IF(L42="","",TEXT(L42,"YYYY-MM"))
A43: =IF(B43="","",ROW()-2) | J43: =IFERROR(INDEX(Stage_Prob,MATCH(H43,Stage_Names,0)),"") | K43: =IF(OR(H43="",I43=""),"",I43*J43) | N43: =IFERROR(INDEX(Stage_Type,MATCH(H43,Stage_Names,0)),"") | O43: =IF(OR(H43="",L43=""),"",IF(N43="مفتوح",TODAY()-L43,M43-L43)) | P43: =IF(L43="","",TEXT(L43,"YYYY-MM"))
A44: =IF(B44="","",ROW()-2) | J44: =IFERROR(INDEX(Stage_Prob,MATCH(H44,Stage_Names,0)),"") | K44: =IF(OR(H44="",I44=""),"",I44*J44) | N44: =IFERROR(INDEX(Stage_Type,MATCH(H44,Stage_Names,0)),"") | O44: =IF(OR(H44="",L44=""),"",IF(N44="مفتوح",TODAY()-L44,M44-L44)) | P44: =IF(L44="","",TEXT(L44,"YYYY-MM"))
... A302: =IF(B302="","",ROW()-2) | J302: =IFERROR(INDEX(Stage_Prob,MATCH(H302,Stage_Names,0)),"") | K302: =IF(OR(H302="",I302=""),"",I302*J302) | N302: =IFERROR(INDEX(Stage_Type,MATCH(H302,Stage_Names,0)),"") | O302: =IF(OR(H302="",L302=""),"",IF(N302="مفتوح",TODAY()-L302,M302-L302)) | P302: =IF(L302="","",TEXT(L302,"YYYY-MM"))
B304: ملاحظة: تم تجهيز 300 صف بالمعادلات جاهزة للاستخدام — أضف بياناتك في أي صف فارغ.

Sheet القوائم
A1: إعدادات القمع البيعي — مراحل الصفقة (Pipeline Stages)
A3: الترتيب | B3: اسم المرحلة (Stage) | C3: الاحتمالية الافتراضية % | D3: نوع المرحلة
A4: 1 | B4: جديد (New) | C4: 0.1 | D4: مفتوح
A5: 2 | B5: تم التواصل (Contacted) | C5: 0.2 | D5: مفتوح
A6: 3 | B6: مؤهل (Qualified) | C6: 0.4 | D6: مفتوح
A7: 4 | B7: عرض سعر (Proposal) | C7: 0.6 | D7: مفتوح
A8: 5 | B8: تفاوض (Negotiation) | C8: 0.8 | D8: مفتوح
A9: 6 | B9: فوز - مغلقة (Won) | C9: 1 | D9: مغلق-فوز
A10: 7 | B10: خسارة - مغلقة (Lost) | C10: 0 | D10: مغلق-خسارة
A13: مصادر الليدز (Lead Sources)
A14: الموقع الإلكتروني (Website)
A15: فيسبوك (Facebook)
A16: إنستجرام (Instagram)
A17: إحالة عميل (Referral)
A18: اتصال بارد (Cold Call)
A19: معرض / فعالية (Event)
A20: واتساب (WhatsApp)
A21: أخرى (Other)
A24: فريق المبيعات (Sales Reps)
A25: أحمد سمير
A26: سارة عادل
... A29: يوسف كامل
